<?xml version="1.0" encoding="UTF-8"?>
<project-private xmlns="http://www.netbeans.org/ns/project-private/1">
    <editor-bookmarks xmlns="http://www.netbeans.org/ns/editor-bookmarks/2" lastBookmarkId="0"/>
    <open-files xmlns="http://www.netbeans.org/ns/projectui-open-files/2">
        <group>
            <file>file:/C:/xampp/htdocs/bus_ticket_res/resources/views/pages/seat_view.blade.php</file>
            <file>file:/C:/xampp/htdocs/bus_ticket_res/public/frontend_asset/css/jquery.seat-charts.css</file>
            <file>file:/C:/xampp/htdocs/bus_ticket_res/public/frontend_asset/css/seat-management.css</file>
            <file>file:/C:/xampp/htdocs/bus_ticket_res/public/frontend_asset/js/seat-chart-custom.js</file>
            <file>file:/C:/xampp/htdocs/bus_ticket_res/resources/views/master.blade.php</file>
            <file>file:/C:/xampp/htdocs/bus_ticket_res/app/Http/Controllers/HomeController.php</file>
            <file>file:/C:/xampp/htdocs/bus_ticket_res/routes/web.php</file>
        </group>
    </open-files>
</project-private>
